iteration,newton_mean,newton_std,gradient_mean,gradient_std,trust-constr_mean,trust-constr_std
0,0.0,0.0,0.0,0.0,0.00018405491018246866,0.00047116903792808956
1,0.505239465151231,0.22279206759498643,0.4471086899062232,0.2689901976810665,0.4602129457044765,0.2570378286410879
2,0.6173767327051465,0.22126958748509015,0.559310827132433,0.259707380131898,0.5499677255021092,0.22868661934332105
3,0.6456139686373399,0.22574825700797635,0.6109450940049639,0.24404990045791478,0.6119637174725507,0.22309669652277062
4,0.6539609117690297,0.2297589700008173,0.6326617653131063,0.24321398133600985,0.6359349884987696,0.22630057272618478
5,0.6564524130053967,0.23175306758478154,0.6408615377039993,0.24268848394965803,0.6454884031467032,0.2283276657114624
6,0.6567504720589098,0.2320420030093158,0.6495291996582186,0.2388382540605472,0.6491639606939562,0.22922256514568765
7,0.6568902416753888,0.23219810328779814,0.6518529050254257,0.2384184298580219,0.6511071644939703,0.22946171531129314
8,0.6569452954239061,0.23226111404766486,0.653300223912508,0.23822568465907581,0.6524194629910963,0.2295430198740752
9,0.6569471546201665,0.2322632541334208,0.6538116408168952,0.23812261763842202,0.6535000806430117,0.229882804357045
10,0.6569471635804125,0.2322632644491091,0.6539940835733016,0.23805614247771906,0.6543076875565538,0.23028645955912816
11,0.6569471635804125,0.2322632644491091,0.6540736856956758,0.23807169278396015,0.6550035159101855,0.23079525471013126
12,0.6569471635804125,0.2322632644491091,0.6541366818213359,0.23806428234257268,0.6555462289300933,0.23120132025677612
13,0.6569471635804125,0.2322632644491091,0.6542020296777517,0.23811071616847923,0.6558808307246379,0.23143349173663377
14,0.6569471635804125,0.2322632644491091,0.6542476194131637,0.23810970064275086,0.6560864291328485,0.23156913460862774
15,0.6569471635804125,0.2322632644491091,0.6542705680868081,0.23812695071893947,0.6562620268758679,0.23170296851768543
16,0.6569471635804125,0.2322632644491091,0.6542936855685428,0.23811334661256014,0.6564128626485873,0.23182273647215718
17,0.6569471635804125,0.2322632644491091,0.6543087736271878,0.23812728045648943,0.6565191523637932,0.2319017704345084
18,0.6569471635804125,0.2322632644491091,0.6543221619297221,0.23811274285644654,0.656602331463483,0.23197177275193417
19,0.6569471635804125,0.2322632644491091,0.6543281468645066,0.23812186972189653,0.656660437719513,0.2320225443580616
20,0.6569471635804125,0.2322632644491091,0.6543378351036341,0.23810897897929068,0.6567032920225196,0.2320619681171363
21,0.6569471635804125,0.2322632644491091,0.654341515021676,0.2381190483538675,0.6567378172052821,0.2320963801249691
22,0.6569471635804125,0.2322632644491091,0.6543481745063052,0.23810854100952292,0.6567690129006926,0.23212829256666215
23,0.6569471635804125,0.2322632644491091,0.6566686938954799,0.2325864554501768,0.6567907983954931,0.23215378811618637
24,0.6569471635804125,0.2322632644491091,0.6567709376959507,0.23236867620350274,0.6568133299129929,0.2321738425700292
25,0.6569471635804125,0.2322632644491091,0.6567863325305461,0.23233760701067627,0.6568305446573762,0.2321942761327345
26,0.6569471635804125,0.2322632644491091,0.6567932808829144,0.23232517360459104,0.6568442428770551,0.2322109542626462
27,0.6569471635804125,0.2322632644491091,0.6567964842356132,0.2323198272744061,0.6568571545030655,0.23222498263168104
28,0.6569471635804125,0.2322632644491091,0.6567986294615034,0.23231678069300732,0.6568702338690386,0.2322347119313818
29,0.6569471635804125,0.2322632644491091,0.6567995308460397,0.23231590349312056,0.6568779262129074,0.2322421201372089
30,0.6569471635804125,0.2322632644491091,0.6568003442556664,0.23231546450609047,0.6568779262129074,0.2322421201372089
31,0.6569471635804125,0.2322632644491091,0.6568006704452841,0.23231558375947903,0.6568779262129074,0.2322421201372089
32,0.6569471635804125,0.2322632644491091,0.6568010465027174,0.2323158860135862,0.6568779262129074,0.2322421201372089
33,0.6569471635804125,0.2322632644491091,0.6568012603688542,0.23231605792045487,0.6568779262129074,0.2322421201372089
34,0.6569471635804125,0.2322632644491091,0.6568015832462278,0.23231631746923725,0.6568779262129074,0.2322421201372089
35,0.6569471635804125,0.2322632644491091,0.6568017460606583,0.2323164483577658,0.6568779262129074,0.2322421201372089
36,0.6569471635804125,0.2322632644491091,0.6568020263118624,0.23231667366808692,0.6568779262129074,0.2322421201372089
37,0.6569471635804125,0.2322632644491091,0.6568021479700648,0.23231677148131422,0.6568779262129074,0.2322421201372089
38,0.6569471635804125,0.2322632644491091,0.6568023937742192,0.23231696911732003,0.6568779262129074,0.2322421201372089
39,0.6569471635804125,0.2322632644491091,0.6568024820035353,0.23231704006015486,0.6568779262129074,0.2322421201372089
40,0.6569471635804125,0.2322632644491091,0.6568026997755703,0.23231721517176215,0.6568779262129074,0.2322421201372089
41,0.6569471635804125,0.2322632644491091,0.6568027606770446,0.23231726414471535,0.6568779262129074,0.2322421201372089
42,0.6569471635804125,0.2322632644491091,0.6568027606770446,0.23231726414471535,0.6568779262129074,0.2322421201372089
43,0.6569471635804125,0.2322632644491091,0.6568027606770446,0.23231726414471535,0.6568779262129074,0.2322421201372089
44,0.6569471635804125,0.2322632644491091,0.6568027606770446,0.23231726414471535,0.6568779262129074,0.2322421201372089
45,0.6569471635804125,0.2322632644491091,0.6568027606770446,0.23231726414471535,0.6568779262129074,0.2322421201372089
46,0.6569471635804125,0.2322632644491091,0.6568027606770446,0.23231726414471535,0.6568779262129074,0.2322421201372089
47,0.6569471635804125,0.2322632644491091,0.6568027606770446,0.23231726414471535,0.6568779262129074,0.2322421201372089
48,0.6569471635804125,0.2322632644491091,0.6568027606770446,0.23231726414471535,0.6568779262129074,0.2322421201372089
49,0.6569471635804125,0.2322632644491091,0.6568027606770446,0.23231726414471535,0.6568779262129074,0.2322421201372089
