time,newton_mean,newton_std,newton2_mean,newton2_std,gradient_mean,gradient_std,scipy_mean,scipy_std,trust-constr_mean,trust-constr_std
0.0,0.0,0.0,0.0,0.0,0.0,0.0,-5.138603734515217e-05,0.0002200475470179142,0.0,0.0
0.012456306860075523,0.024179335111001142,0.035914590273948284,0.04381445525983315,0.05350993828660293,0.0714801607681897,0.12395196646568171,0.061674433524776404,0.12575670117139112,0.0,0.0
0.024912613720151047,0.1040381831164586,0.09512393848138975,0.15898029106996944,0.0960087861643802,0.21428038442536362,0.2380237416199431,0.22990554830870447,0.2914161654612484,0.012548227603762972,0.02281038146678225
0.03736892058022657,0.20874651984252565,0.15317311363824174,0.279694909218649,0.14031066237555057,0.3112777884915181,0.2719500876709731,0.3082388339801069,0.29499483082555394,0.08632354089057617,0.0845381108508568
0.04982522744030209,0.30524405365176055,0.20153149841192927,0.34823872581280013,0.17563534419275864,0.3730027548337656,0.29039469325824047,0.3801585043034694,0.28262052158012213,0.18218485153102834,0.14237259182928702
0.06228153430037762,0.3703760329085741,0.23257664353104365,0.39256912232350855,0.20519770996505513,0.4035456189195813,0.2872778253754073,0.4260926056698604,0.2737860072914773,0.2582042588302557,0.17032233032541458
0.07473784116045314,0.4049063860924489,0.24145164287780066,0.4193323828355473,0.22504204325177996,0.4201090921470118,0.2853088145684148,0.4425632833058632,0.27316613976421594,0.316376264334889,0.19222009900773082
0.08719414802052866,0.43341901123391985,0.25173645882077517,0.43474079074468286,0.23999757460310595,0.4306631163416617,0.284753506848284,0.44964756459790534,0.27431386141004055,0.363431022304273,0.21132319711208514
0.09965045488060419,0.4460769739043451,0.25699981639703856,0.4467538992117449,0.2522402778712057,0.4397982108749882,0.28456477100235017,0.4533602540108217,0.27565090915557927,0.4031371077092781,0.22864771690218502
0.11210676174067971,0.4529748757777481,0.26055082565348814,0.4560774108997354,0.2584686263973222,0.44803968767296787,0.2829467224500446,0.4557949318465966,0.2765213354362528,0.430684836809172,0.244358005416635
0.12456306860075524,0.459076270051399,0.26394610612574415,0.4626049659362172,0.2625860013635981,0.4550427409607883,0.28105075662056683,0.465490810107758,0.26961519733592454,0.4471411851882239,0.253724072908741
0.13701937546083076,0.4638762658997732,0.2670226206438411,0.4678966652140088,0.26652932193954953,0.46061407827115053,0.27886121181631224,0.46824859730192264,0.2701536243858247,0.4570618090046347,0.25975265593045466
0.14947568232090627,0.4665788660716415,0.2687666073486062,0.46969950151143963,0.2691059594273422,0.4651181496797407,0.27652995494435656,0.4704392599233154,0.27108572405466547,0.4634138556791482,0.2637723652039951
0.1619319891809818,0.4685586925158633,0.2701328407026454,0.47071105922396983,0.2704869730808869,0.4687786057568966,0.2746993940010292,0.47218265757835,0.2721009376853508,0.46724601814144306,0.2666123094923671
0.17438829604105732,0.4699506514207976,0.27101065024641263,0.4713670058557548,0.2712925068508348,0.47064783369543434,0.2736188532812359,0.4730372537487896,0.27274233140519105,0.4693775003726364,0.26841616247409994
0.18684460290113286,0.47100107963961063,0.2715782350991227,0.4718459696431252,0.2718525832512109,0.47137592162699504,0.2734520804605073,0.47316740371291227,0.2728340910529564,0.47088775916742215,0.26982433279237433
0.19930090976120837,0.47181326250872097,0.2720652941983785,0.4721866516902034,0.27219208974240305,0.47177441049904234,0.27341456653430257,0.4732114981588704,0.2728594676120096,0.4718505080948681,0.2709856323056745
0.21175721662128388,0.4722794868322868,0.2723860456038718,0.4724640886489103,0.27242977990602835,0.4720167827406885,0.2733439534895993,0.4732745268340044,0.27291376075123874,0.4724601430311297,0.27175062997714783
0.22421352348135942,0.4725919557818637,0.27256850811672456,0.4726947308737707,0.2725995368261417,0.4722156578867118,0.2732877152938016,0.47330399583699545,0.27293442265051904,0.4726938103791495,0.2720750902951375
0.23666983034143493,0.4728906109076447,0.2727522317683715,0.47291239484813063,0.2727529503581148,0.47238804926000477,0.2732355904670388,0.47332498260038475,0.27294665447296496,0.47290088801703944,0.2723784213594022
0.24912613720151047,0.47318431400116473,0.27294358714981537,0.47311825876742863,0.2728931851163678,0.4725127746821065,0.2732173441875838,0.4733411657809363,0.2729590883656691,0.473102529919006,0.2726766738159976
0.261582444061586,0.47333591751646686,0.27304896073338425,0.47326524518070834,0.2729970046551036,0.4725964868950593,0.2732127506559793,0.4733537324660015,0.272972803120134,0.4732371684759103,0.2728733589194443
0.2740387509216615,0.47338919723342016,0.27308785808487096,0.47334193032718763,0.2730533787212069,0.4726687609042526,0.2732068187312178,0.4733622062437728,0.27298090875156794,0.47333806889447416,0.27302652775845143
0.28649505778173706,0.4734299407643601,0.27311577132268927,0.4734140549513298,0.2731029067790405,0.47273630549413376,0.2732008800285923,0.47336723691249555,0.27298675613027307,0.47341877441905367,0.2731537703575767
0.29895136464181254,0.4734706842953001,0.2731439756877867,0.4734861795754719,0.273153342107209,0.4727899695118205,0.2731840033076092,0.47336856063259153,0.2729890512835171,0.47343342327293825,0.2731769470969351
0.3114076715018881,0.4735114278262401,0.27317247108998866,0.4735264771958408,0.27318214387310763,0.47283983564958204,0.2731693142881498,0.4733677372157669,0.2729884695494944,0.4734479588165067,0.27319995137265735
0.3238639783619636,0.473530689038201,0.27318606980455395,0.473528849472368,0.27318421891018646,0.4728861201873968,0.2731550838063098,0.47336773721524217,0.27298846954991857,0.4734536299378472,0.27320893587989387
0.3363202852220391,0.4735314141668645,0.27318663123275694,0.4735308823154242,0.2731857581757947,0.472929075820434,0.2731412897181029,0.47336773721524217,0.27298846954991857,0.47345386708335624,0.2732093117238213
0.34877659208211464,0.47353190498490494,0.2731869818896526,0.4735329151584802,0.27318729808911507,0.472963652835889,0.27313257505932537,0.47336773721524217,0.27298846954991857,0.47345410413269096,0.2732096873938233
0.3612328989421902,0.47353237250266256,0.2731873116214496,0.47353434422362717,0.27318841251078657,0.4729895562132143,0.27313087889547133,0.47336773721524217,0.27298846954991857,0.4734543411820256,0.27321006307338686
0.3736892058022657,0.4735328400204201,0.2731876413920526,0.47353446545114575,0.27318860409924267,0.47300875794406216,0.2731309061223137,0.47336773721524217,0.27298846954991857,0.47345439348437124,0.27321014596426524
0.3861455126623412,0.47353330753817763,0.2731879712014616,0.47353452401801166,0.27318869665944856,0.47302448720850165,0.2731291610028076,0.47336773721524217,0.27298846954991857,0.47345439348437124,0.27321014596426524
0.39860181952241674,0.47353370809529716,0.2731882538044975,0.4735345578051326,0.27318875005753257,0.4730397651867154,0.2731267272189315,0.47336773721524217,0.27298846954991857,0.47345439348437124,0.27321014596426524
0.4110581263824923,0.47353380705862913,0.2731883236299842,0.4735345915922536,0.2731888034558108,0.4730534417954963,0.2731226161906397,0.47336773721524217,0.27298846954991857,0.47345439348437124,0.27321014596426524
0.42351443324256777,0.47353390602196116,0.27318839345720974,0.4735346253793745,0.2731888568542834,0.4730669167643113,0.27311772410156976,0.47336773721524217,0.27298846954991857,0.47345439348437124,0.27321014596426524
0.4359707401026433,0.47353400498529313,0.2731884632861741,0.47353463618035413,0.27318887392461033,0.47307999320848304,0.273113963329822,0.47336773721524217,0.27298846954991857,0.47345439348437124,0.27321014596426524
0.44842704696271884,0.47353410394862505,0.2731885331168771,0.47353463618035413,0.27318887392461033,0.4730893341433107,0.27311244045023647,0.47336773721524217,0.27298846954991857,0.47345439348437124,0.27321014596426524
0.4608833538227944,0.473534202911957,0.27318860294931907,0.47353463618035413,0.27318887392461033,0.47309636830705165,0.2731121770155595,0.47336773721524217,0.27298846954991857,0.47345439348437124,0.27321014596426524
0.47333966068286987,0.473534301875289,0.2731886727834997,0.47353463618035413,0.27318887392461033,0.4731030986057755,0.27311387621313477,0.47336773721524217,0.27298846954991857,0.47345439348437124,0.27321014596426524
0.4857959675429454,0.47353440083862103,0.27318874261941917,0.47353463618035413,0.27318887392461033,0.47310890698360175,0.2731146052012351,0.47336773721524217,0.27298846954991857,0.47345439348437124,0.27321014596426524
0.49825227440302094,0.4735344602459267,0.2731887845424869,0.47353463618035413,0.27318887392461033,0.4731142344154398,0.27311524302939166,0.47336773721524217,0.27298846954991857,0.47345439348437124,0.27321014596426524
0.5107085812630965,0.4735344852652079,0.2731888021984998,0.47353463618035413,0.27318887392461033,0.4731193481691278,0.2731160493701351,0.47336773721524217,0.27298846954991857,0.47345439348437124,0.27321014596426524
0.523164888123172,0.4735345102844892,0.27318881985462395,0.47353463618035413,0.27318887392461033,0.4731251209763151,0.27311636399131617,0.47336773721524217,0.27298846954991857,0.47345439348437124,0.27321014596426524
0.5356211949832475,0.4735345353037704,0.27318883751085915,0.47353463618035413,0.27318887392461033,0.473131673814406,0.27311736729121416,0.47336773721524217,0.27298846954991857,0.47345439348437124,0.27321014596426524
0.548077501843323,0.4735345603230515,0.27318885516720554,0.47353463618035413,0.27318887392461033,0.4731376223998941,0.27311801544739794,0.47336773721524217,0.27298846954991857,0.47345439348437124,0.27321014596426524
0.5605338087033985,0.4735345853423328,0.273188872823663,0.47353463618035413,0.27318887392461033,0.4731418420609886,0.2731175247853817,0.47336773721524217,0.27298846954991857,0.47345439348437124,0.27321014596426524
0.5729901155634741,0.473534610361614,0.27318889048023165,0.47353463618035413,0.27318887392461033,0.4731458511302048,0.2731171178150987,0.47336773721524217,0.27298846954991857,0.47345439348437124,0.27321014596426524
0.5854464224235496,0.4735346343861339,0.2731889074348835,0.47353463618035413,0.27318887392461033,0.47316354997344723,0.27311189781261885,0.47336773721524217,0.27298846954991857,0.47345439348437124,0.27321014596426524
0.5979027292836251,0.4735346343861339,0.2731889074348835,0.47353463618035413,0.27318887392461033,0.4731951901080331,0.273113642809733,0.47336773721524217,0.27298846954991857,0.47345439348437124,0.27321014596426524
0.6103590361437007,0.4735346343861339,0.2731889074348835,0.47353463618035413,0.27318887392461033,0.47322818042101694,0.2731173833165696,0.47336773721524217,0.27298846954991857,0.47345439348437124,0.27321014596426524
0.6228153430037762,0.4735346343861339,0.2731889074348835,0.47353463618035413,0.27318887392461033,0.47326117073400087,0.27312123064588323,0.47336773721524217,0.27298846954991857,0.47345439348437124,0.27321014596426524
0.6352716498638517,0.4735346343861339,0.2731889074348835,0.47353463618035413,0.27318887392461033,0.4732948750990483,0.27312563339592605,0.47336773721524217,0.27298846954991857,0.47345439348437124,0.27321014596426524
0.6477279567239272,0.4735346343861339,0.2731889074348835,0.47353463618035413,0.27318887392461033,0.47332324523642105,0.27312256814241487,0.47336773721524217,0.27298846954991857,0.47345439348437124,0.27321014596426524
0.6601842635840027,0.4735346343861339,0.2731889074348835,0.47353463618035413,0.27318887392461033,0.47334859867046075,0.2731153599881031,0.47336773721524217,0.27298846954991857,0.47345439348437124,0.27321014596426524
0.6726405704440782,0.4735346343861339,0.2731889074348835,0.47353463618035413,0.27318887392461033,0.4733739307028824,0.27310826802990507,0.47336773721524217,0.27298846954991857,0.47345439348437124,0.27321014596426524
0.6850968773041538,0.4735346343861339,0.2731889074348835,0.47353463618035413,0.27318887392461033,0.4733770698754143,0.27310897445464,0.47336773721524217,0.27298846954991857,0.47345439348437124,0.27321014596426524
0.6975531841642293,0.4735346343861339,0.2731889074348835,0.47353463618035413,0.27318887392461033,0.4733792116997219,0.2731100634671086,0.47336773721524217,0.27298846954991857,0.47345439348437124,0.27321014596426524
0.7100094910243048,0.4735346343861339,0.2731889074348835,0.47353463618035413,0.27318887392461033,0.4733811757136324,0.27311129399375716,0.47336773721524217,0.27298846954991857,0.47345439348437124,0.27321014596426524
0.7224657978843804,0.4735346343861339,0.2731889074348835,0.47353463618035413,0.27318887392461033,0.4733827201248427,0.273112333344945,0.47336773721524217,0.27298846954991857,0.47345439348437124,0.27321014596426524
0.7349221047444559,0.4735346343861339,0.2731889074348835,0.47353463618035413,0.27318887392461033,0.47338309770876097,0.2731125514135321,0.47336773721524217,0.27298846954991857,0.47345439348437124,0.27321014596426524
0.7473784116045314,0.4735346343861339,0.2731889074348835,0.47353463618035413,0.27318887392461033,0.4733835146629287,0.273112817517127,0.47336773721524217,0.27298846954991857,0.47345439348437124,0.27321014596426524
0.7598347184646069,0.4735346343861339,0.2731889074348835,0.47353463618035413,0.27318887392461033,0.4733838748044385,0.27311299382622845,0.47336773721524217,0.27298846954991857,0.47345439348437124,0.27321014596426524
0.7722910253246824,0.4735346343861339,0.2731889074348835,0.47353463618035413,0.27318887392461033,0.47338421635984523,0.2731131407625349,0.47336773721524217,0.27298846954991857,0.47345439348437124,0.27321014596426524
0.784747332184758,0.4735346343861339,0.2731889074348835,0.47353463618035413,0.27318887392461033,0.47338454672318897,0.273113285674709,0.47336773721524217,0.27298846954991857,0.47345439348437124,0.27321014596426524
0.7972036390448335,0.4735346343861339,0.2731889074348835,0.47353463618035413,0.27318887392461033,0.4733849903324102,0.27311361623094976,0.47336773721524217,0.27298846954991857,0.47345439348437124,0.27321014596426524
0.809659945904909,0.4735346343861339,0.2731889074348835,0.47353463618035413,0.27318887392461033,0.473385429951962,0.2731139493887367,0.47336773721524217,0.27298846954991857,0.47345439348437124,0.27321014596426524
0.8221162527649846,0.4735346343861339,0.2731889074348835,0.47353463618035413,0.27318887392461033,0.47338584444077425,0.27311429882837907,0.47336773721524217,0.27298846954991857,0.47345439348437124,0.27321014596426524
0.83457255962506,0.4735346343861339,0.2731889074348835,0.47353463618035413,0.27318887392461033,0.4733862332671492,0.27311466902176795,0.47336773721524217,0.27298846954991857,0.47345439348437124,0.27321014596426524
0.8470288664851355,0.4735346343861339,0.2731889074348835,0.47353463618035413,0.27318887392461033,0.47338663175173473,0.2731150865457141,0.47336773721524217,0.27298846954991857,0.47345439348437124,0.27321014596426524
0.8594851733452111,0.4735346343861339,0.2731889074348835,0.47353463618035413,0.27318887392461033,0.4733870696643196,0.2731155547704079,0.47336773721524217,0.27298846954991857,0.47345439348437124,0.27321014596426524
0.8719414802052866,0.4735346343861339,0.2731889074348835,0.47353463618035413,0.27318887392461033,0.4733873685330291,0.2731158275848684,0.47336773721524217,0.27298846954991857,0.47345439348437124,0.27321014596426524
0.8843977870653622,0.4735346343861339,0.2731889074348835,0.47353463618035413,0.27318887392461033,0.47338748172991985,0.2731158394398062,0.47336773721524217,0.27298846954991857,0.47345439348437124,0.27321014596426524
0.8968540939254377,0.4735346343861339,0.2731889074348835,0.47353463618035413,0.27318887392461033,0.4733875949268105,0.27311585129572635,0.47336773721524217,0.27298846954991857,0.47345439348437124,0.27321014596426524
0.9093104007855132,0.4735346343861339,0.2731889074348835,0.47353463618035413,0.27318887392461033,0.47338765403991073,0.27311580142757175,0.47336773721524217,0.27298846954991857,0.47345439348437124,0.27321014596426524
0.9217667076455888,0.4735346343861339,0.2731889074348835,0.47353463618035413,0.27318887392461033,0.47338766707278235,0.27311573601946754,0.47336773721524217,0.27298846954991857,0.47345439348437124,0.27321014596426524
0.9342230145056643,0.4735346343861339,0.2731889074348835,0.47353463618035413,0.27318887392461033,0.4733876801056538,0.2731156706118135,0.47336773721524217,0.27298846954991857,0.47345439348437124,0.27321014596426524
0.9466793213657397,0.4735346343861339,0.2731889074348835,0.47353463618035413,0.27318887392461033,0.47338769313852536,0.27311560520460965,0.47336773721524217,0.27298846954991857,0.47345439348437124,0.27321014596426524
0.9591356282258153,0.4735346343861339,0.2731889074348835,0.47353463618035413,0.27318887392461033,0.47338772460792045,0.27311556349654625,0.47336773721524217,0.27298846954991857,0.47345439348437124,0.27321014596426524
0.9715919350858908,0.4735346343861339,0.2731889074348835,0.47353463618035413,0.27318887392461033,0.47338779833123773,0.2731155975101997,0.47336773721524217,0.27298846954991857,0.47345439348437124,0.27321014596426524
0.9840482419459663,0.4735346343861339,0.2731889074348835,0.47353463618035413,0.27318887392461033,0.4733878692992555,0.27311563330718425,0.47336773721524217,0.27298846954991857,0.47345439348437124,0.27321014596426524
0.9965045488060419,0.4735346343861339,0.2731889074348835,0.47353463618035413,0.27318887392461033,0.47338794026727343,0.27311566910460766,0.47336773721524217,0.27298846954991857,0.47345439348437124,0.27321014596426524
1.0089608556661174,0.4735346343861339,0.2731889074348835,0.47353463618035413,0.27318887392461033,0.47338801018928633,0.2731157035578852,0.47336773721524217,0.27298846954991857,0.47345439348437124,0.27321014596426524
1.021417162526193,0.4735346343861339,0.2731889074348835,0.47353463618035413,0.27318887392461033,0.47338800726251873,0.27311564436830904,0.47336773721524217,0.27298846954991857,0.47345439348437124,0.27321014596426524
1.0338734693862683,0.4735346343861339,0.2731889074348835,0.47353463618035413,0.27318887392461033,0.47338800433575123,0.27311558517917933,0.47336773721524217,0.27298846954991857,0.47345439348437124,0.27321014596426524
1.046329776246344,0.4735346343861339,0.2731889074348835,0.47353463618035413,0.27318887392461033,0.4733880014089836,0.27311552599049604,0.47336773721524217,0.27298846954991857,0.47345439348437124,0.27321014596426524
1.0587860831064195,0.4735346343861339,0.2731889074348835,0.47353463618035413,0.27318887392461033,0.47338797478757727,0.27311547505670875,0.47336773721524217,0.27298846954991857,0.47345439348437124,0.27321014596426524
1.071242389966495,0.4735346343861339,0.2731889074348835,0.47353463618035413,0.27318887392461033,0.47338800788979213,0.27311551760711295,0.47336773721524217,0.27298846954991857,0.47345439348437124,0.27321014596426524
1.0836986968265705,0.4735346343861339,0.2731889074348835,0.47353463618035413,0.27318887392461033,0.47338806085761753,0.27311558569365846,0.47336773721524217,0.27298846954991857,0.47345439348437124,0.27321014596426524
1.096155003686646,0.4735346343861339,0.2731889074348835,0.47353463618035413,0.27318887392461033,0.47338811382544294,0.27311565378069025,0.47336773721524217,0.27298846954991857,0.47345439348437124,0.27321014596426524
1.1086113105467215,0.4735346343861339,0.2731889074348835,0.47353463618035413,0.27318887392461033,0.4733880981919048,0.2731156336846437,0.47336773721524217,0.27298846954991857,0.47345439348437124,0.27321014596426524
1.121067617406797,0.4735346343861339,0.2731889074348835,0.47353463618035413,0.27318887392461033,0.4733880675434716,0.2731155942879048,0.47336773721524217,0.27298846954991857,0.47345439348437124,0.27321014596426524
1.1335239242668727,0.4735346343861339,0.2731889074348835,0.47353463618035413,0.27318887392461033,0.4733880368950384,0.2731155548913286,0.47336773721524217,0.27298846954991857,0.47345439348437124,0.27321014596426524
1.1459802311269482,0.4735346343861339,0.2731889074348835,0.47353463618035413,0.27318887392461033,0.4733880062466052,0.2731155154949154,0.47336773721524217,0.27298846954991857,0.47345439348437124,0.27321014596426524
1.1584365379870236,0.4735346343861339,0.2731889074348835,0.47353463618035413,0.27318887392461033,0.47338797559817203,0.273115476098665,0.47336773721524217,0.27298846954991857,0.47345439348437124,0.27321014596426524
1.1708928448470992,0.4735346343861339,0.2731889074348835,0.47353463618035413,0.27318887392461033,0.47338799618212846,0.2731155025577713,0.47336773721524217,0.27298846954991857,0.47345439348437124,0.27321014596426524
1.1833491517071748,0.4735346343861339,0.2731889074348835,0.47353463618035413,0.27318887392461033,0.4733880369446388,0.2731155549550867,0.47336773721524217,0.27298846954991857,0.47345439348437124,0.27321014596426524
1.1958054585672502,0.4735346343861339,0.2731889074348835,0.47353463618035413,0.27318887392461033,0.4733880777071493,0.2731156073526902,0.47336773721524217,0.27298846954991857,0.47345439348437124,0.27321014596426524
1.2082617654273258,0.4735346343861339,0.2731889074348835,0.47353463618035413,0.27318887392461033,0.47338811846965967,0.27311565975058166,0.47336773721524217,0.27298846954991857,0.47345439348437124,0.27321014596426524
1.2207180722874014,0.4735346343861339,0.2731889074348835,0.47353463618035413,0.27318887392461033,0.473388087685963,0.2731156201798617,0.47336773721524217,0.27298846954991857,0.47345439348437124,0.27321014596426524
1.2331743791474767,0.4735346343861339,0.2731889074348835,0.47353463618035413,0.27318887392461033,0.47338804680968755,0.27311556763595035,0.47336773721524217,0.27298846954991857,0.47345439348437124,0.27321014596426524
1.2456306860075523,0.4735346343861339,0.2731889074348835,0.47353463618035413,0.27318887392461033,0.4733880059334122,0.2731155150923286,0.47336773721524217,0.27298846954991857,0.47345439348437124,0.27321014596426524
1.258086992867628,0.4735346343861339,0.2731889074348835,0.47353463618035413,0.27318887392461033,0.47338796915692893,0.27311546781895335,0.47336773721524217,0.27298846954991857,0.47345439348437124,0.27321014596426524
1.2705432997277033,0.4735346343861339,0.2731889074348835,0.47353463618035413,0.27318887392461033,0.4733880136072227,0.2731155249564585,0.47336773721524217,0.27298846954991857,0.47345439348437124,0.27321014596426524
1.282999606587779,0.4735346343861339,0.2731889074348835,0.47353463618035413,0.27318887392461033,0.4733880580575164,0.2731155820943062,0.47336773721524217,0.27298846954991857,0.47345439348437124,0.27321014596426524
1.2954559134478545,0.4735346343861339,0.2731889074348835,0.47353463618035413,0.27318887392461033,0.47338810250781016,0.2731156392324965,0.47336773721524217,0.27298846954991857,0.47345439348437124,0.27321014596426524
1.3079122203079299,0.4735346343861339,0.2731889074348835,0.47353463618035413,0.27318887392461033,0.4733881073186103,0.2731156454165125,0.47336773721524217,0.27298846954991857,0.47345439348437124,0.27321014596426524
1.3203685271680055,0.4735346343861339,0.2731889074348835,0.47353463618035413,0.27318887392461033,0.4733880764752401,0.27311560576914545,0.47336773721524217,0.27298846954991857,0.47345439348437124,0.27321014596426524
1.332824834028081,0.4735346343861339,0.2731889074348835,0.47353463618035413,0.27318887392461033,0.47338804563187,0.27311556612194327,0.47336773721524217,0.27298846954991857,0.47345439348437124,0.27321014596426524
1.3452811408881564,0.4735346343861339,0.2731889074348835,0.47353463618035413,0.27318887392461033,0.4733880147884999,0.273115526474906,0.47336773721524217,0.27298846954991857,0.47345439348437124,0.27321014596426524
1.357737447748232,0.4735346343861339,0.2731889074348835,0.47353463618035413,0.27318887392461033,0.4733879839451297,0.2731154868280337,0.47336773721524217,0.27298846954991857,0.47345439348437124,0.27321014596426524
1.3701937546083076,0.4735346343861339,0.2731889074348835,0.47353463618035413,0.27318887392461033,0.4733879763501894,0.2731154770653247,0.47336773721524217,0.27298846954991857,0.47345439348437124,0.27321014596426524
1.382650061468383,0.4735346343861339,0.2731889074348835,0.47353463618035413,0.27318887392461033,0.4733879969366885,0.27311550352770214,0.47336773721524217,0.27298846954991857,0.47345439348437124,0.27321014596426524
1.3951063683284586,0.4735346343861339,0.2731889074348835,0.47353463618035413,0.27318887392461033,0.4733880175231876,0.2731155299901529,0.47336773721524217,0.27298846954991857,0.47345439348437124,0.27321014596426524
1.4075626751885342,0.4735346343861339,0.2731889074348835,0.47353463618035413,0.27318887392461033,0.4733880381096867,0.2731155564526773,0.47336773721524217,0.27298846954991857,0.47345439348437124,0.27321014596426524
1.4200189820486095,0.4735346343861339,0.2731889074348835,0.47353463618035413,0.27318887392461033,0.4733880586961858,0.2731155829152751,0.47336773721524217,0.27298846954991857,0.47345439348437124,0.27321014596426524
1.4324752889086851,0.4735346343861339,0.2731889074348835,0.47353463618035413,0.27318887392461033,0.4733880792826849,0.2731156093779464,0.47336773721524217,0.27298846954991857,0.47345439348437124,0.27321014596426524
1.4449315957687607,0.4735346343861339,0.2731889074348835,0.47353463618035413,0.27318887392461033,0.473388099869184,0.2731156358406911,0.47336773721524217,0.27298846954991857,0.47345439348437124,0.27321014596426524
1.4573879026288363,0.4735346343861339,0.2731889074348835,0.47353463618035413,0.27318887392461033,0.4733881204556831,0.2731156623035092,0.47336773721524217,0.27298846954991857,0.47345439348437124,0.27321014596426524
1.4698442094889117,0.4735346343861339,0.2731889074348835,0.47353463618035413,0.27318887392461033,0.47338808878825633,0.2731156215967953,0.47336773721524217,0.27298846954991857,0.47345439348437124,0.27321014596426524
1.4823005163489873,0.4735346343861339,0.2731889074348835,0.47353463618035413,0.27318887392461033,0.4733880478076877,0.273115568918814,0.47336773721524217,0.27298846954991857,0.47345439348437124,0.27321014596426524
1.494756823209063,0.4735346343861339,0.2731889074348835,0.47353463618035413,0.27318887392461033,0.47338800682711907,0.2731155162411238,0.47336773721524217,0.27298846954991857,0.47345439348437124,0.27321014596426524
1.5072131300691383,0.4735346343861339,0.2731889074348835,0.47353463618035413,0.27318887392461033,0.4733879682513266,0.2731154666548733,0.47336773721524217,0.27298846954991857,0.47345439348437124,0.27321014596426524
1.5196694369292139,0.4735346343861339,0.2731889074348835,0.47353463618035413,0.27318887392461033,0.4733880091169378,0.27311551918452,0.47336773721524217,0.27298846954991857,0.47345439348437124,0.27321014596426524
1.5321257437892895,0.4735346343861339,0.2731889074348835,0.47353463618035413,0.27318887392461033,0.4733880499825491,0.27311557171445605,0.47336773721524217,0.27298846954991857,0.47345439348437124,0.27321014596426524
1.5445820506493648,0.4735346343861339,0.2731889074348835,0.47353463618035413,0.27318887392461033,0.47338809084816025,0.27311562424468183,0.47336773721524217,0.27298846954991857,0.47345439348437124,0.27321014596426524
1.5570383575094404,0.4735346343861339,0.2731889074348835,0.47353463618035413,0.27318887392461033,0.47338811568337397,0.27311565616896055,0.47336773721524217,0.27298846954991857,0.47345439348437124,0.27321014596426524
1.569494664369516,0.4735346343861339,0.2731889074348835,0.47353463618035413,0.27318887392461033,0.47338807607432865,0.2731156052537979,0.47336773721524217,0.27298846954991857,0.47345439348437124,0.27321014596426524
1.5819509712295914,0.4735346343861339,0.2731889074348835,0.47353463618035413,0.27318887392461033,0.4733880364652832,0.2731155543389074,0.47336773721524217,0.27298846954991857,0.47345439348437124,0.27321014596426524
1.594407278089667,0.4735346343861339,0.2731889074348835,0.47353463618035413,0.27318887392461033,0.47338799685623784,0.2731155034242888,0.47336773721524217,0.27298846954991857,0.47345439348437124,0.27321014596426524
1.6068635849497426,0.4735346343861339,0.2731889074348835,0.47353463618035413,0.27318887392461033,0.4733879775174294,0.2731154785657209,0.47336773721524217,0.27298846954991857,0.47345439348437124,0.27321014596426524
1.619319891809818,0.4735346343861339,0.2731889074348835,0.47353463618035413,0.27318887392461033,0.4733880197919224,0.2731155329064514,0.47336773721524217,0.27298846954991857,0.47345439348437124,0.27321014596426524
1.6317761986698935,0.4735346343861339,0.2731889074348835,0.47353463618035413,0.27318887392461033,0.47338806206641537,0.27311558724749174,0.47336773721524217,0.27298846954991857,0.47345439348437124,0.27321014596426524
1.6442325055299691,0.4735346343861339,0.2731889074348835,0.47353463618035413,0.27318887392461033,0.4733881043409084,0.2731156415888419,0.47336773721524217,0.27298846954991857,0.47345439348437124,0.27321014596426524
1.6566888123900445,0.4735346343861339,0.2731889074348835,0.47353463618035413,0.27318887392461033,0.47338810134207726,0.2731156377340124,0.47336773721524217,0.27298846954991857,0.47345439348437124,0.27321014596426524
1.66914511925012,0.4735346343861339,0.2731889074348835,0.47353463618035413,0.27318887392461033,0.47338806055119403,0.2731155852997705,0.47336773721524217,0.27298846954991857,0.47345439348437124,0.27321014596426524
1.6816014261101957,0.4735346343861339,0.2731889074348835,0.47353463618035413,0.27318887392461033,0.4733880197603109,0.273115532865817,0.47336773721524217,0.27298846954991857,0.47345439348437124,0.27321014596426524
1.694057732970271,0.4735346343861339,0.2731889074348835,0.47353463618035413,0.27318887392461033,0.47338797896942775,0.27311548043215206,0.47336773721524217,0.27298846954991857,0.47345439348437124,0.27321014596426524
1.7065140398303467,0.4735346343861339,0.2731889074348835,0.47353463618035413,0.27318887392461033,0.47338798879522737,0.2731154930624648,0.47336773721524217,0.27298846954991857,0.47345439348437124,0.27321014596426524
1.7189703466904223,0.4735346343861339,0.2731889074348835,0.47353463618035413,0.27318887392461033,0.47338801951070886,0.2731155325449712,0.47336773721524217,0.27298846954991857,0.47345439348437124,0.27321014596426524
1.7314266535504976,0.4735346343861339,0.2731889074348835,0.47353463618035413,0.27318887392461033,0.47338805022619035,0.27311557202764114,0.47336773721524217,0.27298846954991857,0.47345439348437124,0.27321014596426524
1.7438829604105732,0.4735346343861339,0.2731889074348835,0.47353463618035413,0.27318887392461033,0.47338808094167184,0.2731156115104746,0.47336773721524217,0.27298846954991857,0.47345439348437124,0.27321014596426524
1.7563392672706488,0.4735346343861339,0.2731889074348835,0.47353463618035413,0.27318887392461033,0.4733881116571533,0.2731156509934717,0.47336773721524217,0.27298846954991857,0.47345439348437124,0.27321014596426524
1.7687955741307244,0.4735346343861339,0.2731889074348835,0.47353463618035413,0.27318887392461033,0.473388101243159,0.2731156376068585,0.47336773721524217,0.27298846954991857,0.47345439348437124,0.27321014596426524
1.7812518809907998,0.4735346343861339,0.2731889074348835,0.47353463618035413,0.27318887392461033,0.47338806475378836,0.27311559070194086,0.47336773721524217,0.27298846954991857,0.47345439348437124,0.27321014596426524
1.7937081878508754,0.4735346343861339,0.2731889074348835,0.47353463618035413,0.27318887392461033,0.47338802826441784,0.27311554379725417,0.47336773721524217,0.27298846954991857,0.47345439348437124,0.27321014596426524
1.806164494710951,0.4735346343861339,0.2731889074348835,0.47353463618035413,0.27318887392461033,0.47338799177504726,0.27311549689279835,0.47336773721524217,0.27298846954991857,0.47345439348437124,0.27321014596426524
1.8186208015710263,0.4735346343861339,0.2731889074348835,0.47353463618035413,0.27318887392461033,0.4733879794596125,0.27311548106224665,0.47336773721524217,0.27298846954991857,0.47345439348437124,0.27321014596426524
1.831077108431102,0.4735346343861339,0.2731889074348835,0.47353463618035413,0.27318887392461033,0.4733880179312226,0.27311553051465304,0.47336773721524217,0.27298846954991857,0.47345439348437124,0.27321014596426524
1.8435334152911775,0.4735346343861339,0.2731889074348835,0.47353463618035413,0.27318887392461033,0.4733880564028327,0.27311557996731606,0.47336773721524217,0.27298846954991857,0.47345439348437124,0.27321014596426524
1.855989722151253,0.4735346343861339,0.2731889074348835,0.47353463618035413,0.27318887392461033,0.4733880948744429,0.27311562942023565,0.47336773721524217,0.27298846954991857,0.47345439348437124,0.27321014596426524
1.8684460290113285,0.4735346343861339,0.2731889074348835,0.47353463618035413,0.27318887392461033,0.4733881156973506,0.27311565618692674,0.47336773721524217,0.27298846954991857,0.47345439348437124,0.27321014596426524
1.880902335871404,0.4735346343861339,0.2731889074348835,0.47353463618035413,0.27318887392461033,0.4733880846821458,0.2731156163186315,0.47336773721524217,0.27298846954991857,0.47345439348437124,0.27321014596426524
1.8933586427314795,0.4735346343861339,0.2731889074348835,0.47353463618035413,0.27318887392461033,0.47338805366694087,0.27311557645050305,0.47336773721524217,0.27298846954991857,0.47345439348437124,0.27321014596426524
1.905814949591555,0.4735346343861339,0.2731889074348835,0.47353463618035413,0.27318887392461033,0.4733880226517361,0.2731155365825413,0.47336773721524217,0.27298846954991857,0.47345439348437124,0.27321014596426524
1.9182712564516307,0.4735346343861339,0.2731889074348835,0.47353463618035413,0.27318887392461033,0.4733879916365311,0.27311549671474633,0.47336773721524217,0.27298846954991857,0.47345439348437124,0.27321014596426524
1.930727563311706,0.4735346343861339,0.2731889074348835,0.47353463618035413,0.27318887392461033,0.4733879756019541,0.27311547610352654,0.47336773721524217,0.27298846954991857,0.47345439348437124,0.27321014596426524
1.9431838701717816,0.4735346343861339,0.2731889074348835,0.47353463618035413,0.27318887392461033,0.47338801682657466,0.2731155290947063,0.47336773721524217,0.27298846954991857,0.47345439348437124,0.27321014596426524
1.9556401770318572,0.4735346343861339,0.2731889074348835,0.47353463618035413,0.27318887392461033,0.47338805805119527,0.2731155820861808,0.47336773721524217,0.27298846954991857,0.47345439348437124,0.27321014596426524
1.9680964838919326,0.4735346343861339,0.2731889074348835,0.47353463618035413,0.27318887392461033,0.4733880992758159,0.2731156350779499,0.47336773721524217,0.27298846954991857,0.47345439348437124,0.27321014596426524
1.9805527907520082,0.4735346343861339,0.2731889074348835,0.47353463618035413,0.27318887392461033,0.473388109319921,0.27311564798908733,0.47336773721524217,0.27298846954991857,0.47345439348437124,0.27321014596426524
1.9930090976120838,0.4735346343861339,0.2731889074348835,0.47353463618035413,0.27318887392461033,0.47338807460023424,0.2731156033589392,0.47336773721524217,0.27298846954991857,0.47345439348437124,0.27321014596426524
2.0054654044721594,0.4735346343861339,0.2731889074348835,0.47353463618035413,0.27318887392461033,0.47338803988054756,0.27311555872900023,0.47336773721524217,0.27298846954991857,0.47345439348437124,0.27321014596426524
2.0179217113322347,0.4735346343861339,0.2731889074348835,0.47353463618035413,0.27318887392461033,0.4733880051608608,0.27311551409927,0.47336773721524217,0.27298846954991857,0.47345439348437124,0.27321014596426524
2.03037801819231,0.4735346343861339,0.2731889074348835,0.47353463618035413,0.27318887392461033,0.4733879704411741,0.27311546946974896,0.47336773721524217,0.27298846954991857,0.47345439348437124,0.27321014596426524
2.042834325052386,0.4735346343861339,0.2731889074348835,0.47353463618035413,0.27318887392461033,0.4733879847196893,0.2731154878236708,0.47336773721524217,0.27298846954991857,0.47345439348437124,0.27321014596426524
2.0552906319124613,0.4735346343861339,0.2731889074348835,0.47353463618035413,0.27318887392461033,0.47338800429672534,0.2731155129884869,0.47336773721524217,0.27298846954991857,0.47345439348437124,0.27321014596426524
2.0677469387725367,0.4735346343861339,0.2731889074348835,0.47353463618035413,0.27318887392461033,0.4733880238737613,0.2731155381533694,0.47336773721524217,0.27298846954991857,0.47345439348437124,0.27321014596426524
2.0802032456326125,0.4735346343861339,0.2731889074348835,0.47353463618035413,0.27318887392461033,0.4733880434507973,0.2731155633183185,0.47336773721524217,0.27298846954991857,0.47345439348437124,0.27321014596426524
2.092659552492688,0.4735346343861339,0.2731889074348835,0.47353463618035413,0.27318887392461033,0.47338806302783326,0.2731155884833339,0.47336773721524217,0.27298846954991857,0.47345439348437124,0.27321014596426524
2.1051158593527632,0.4735346343861339,0.2731889074348835,0.47353463618035413,0.27318887392461033,0.4733880826048693,0.27311561364841574,0.47336773721524217,0.27298846954991857,0.47345439348437124,0.27321014596426524
2.117572166212839,0.4735346343861339,0.2731889074348835,0.47353463618035413,0.27318887392461033,0.4733881021819053,0.2731156388135641,0.47336773721524217,0.27298846954991857,0.47345439348437124,0.27321014596426524
2.1300284730729144,0.4735346343861339,0.2731889074348835,0.47353463618035413,0.27318887392461033,0.4733881217589413,0.27311566397877884,0.47336773721524217,0.27298846954991857,0.47345439348437124,0.27321014596426524
2.14248477993299,0.4735346343861339,0.2731889074348835,0.47353463618035413,0.27318887392461033,0.47338808815932526,0.2731156207883411,0.47336773721524217,0.27298846954991857,0.47345439348437124,0.27321014596426524
2.1549410867930656,0.4735346343861339,0.2731889074348835,0.47353463618035413,0.27318887392461033,0.4733880491230043,0.27311557060956737,0.47336773721524217,0.27298846954991857,0.47345439348437124,0.27321014596426524
2.167397393653141,0.4735346343861339,0.2731889074348835,0.47353463618035413,0.27318887392461033,0.4733880100866834,0.2731155204310579,0.47336773721524217,0.27298846954991857,0.47345439348437124,0.27321014596426524
2.1798537005132164,0.4735346343861339,0.2731889074348835,0.47353463618035413,0.27318887392461033,0.4733879710503625,0.2731154702528126,0.47336773721524217,0.27298846954991857,0.47345439348437124,0.27321014596426524
2.192310007373292,0.4735346343861339,0.2731889074348835,0.47353463618035413,0.27318887392461033,0.4733880015516169,0.27311550945985136,0.47336773721524217,0.27298846954991857,0.47345439348437124,0.27321014596426524
2.2047663142333676,0.4735346343861339,0.2731889074348835,0.47353463618035413,0.27318887392461033,0.47338803998579315,0.27311555886428635,0.47336773721524217,0.27298846954991857,0.47345439348437124,0.27321014596426524
2.217222621093443,0.4735346343861339,0.2731889074348835,0.47353463618035413,0.27318887392461033,0.4733880784199693,0.2731156082689774,0.47336773721524217,0.27298846954991857,0.47345439348437124,0.27321014596426524
2.2296789279535187,0.4735346343861339,0.2731889074348835,0.47353463618035413,0.27318887392461033,0.47338811685414556,0.27311565767392454,0.47336773721524217,0.27298846954991857,0.47345439348437124,0.27321014596426524
2.242135234813594,0.4735346343861339,0.2731889074348835,0.47353463618035413,0.27318887392461033,0.473388087524455,0.2731156199722527,0.47336773721524217,0.27298846954991857,0.47345439348437124,0.27321014596426524
2.25459154167367,0.4735346343861339,0.2731889074348835,0.47353463618035413,0.27318887392461033,0.4733880438343585,0.273115563811361,0.47336773721524217,0.27298846954991857,0.47345439348437124,0.27321014596426524
2.2670478485337453,0.4735346343861339,0.2731889074348835,0.47353463618035413,0.27318887392461033,0.4733880001442619,0.2731155076508001,0.47336773721524217,0.27298846954991857,0.47345439348437124,0.27321014596426524
2.2795041553938207,0.4735346343861339,0.2731889074348835,0.47353463618035413,0.27318887392461033,0.47338797460190796,0.27311547481804543,0.47336773721524217,0.27298846954991857,0.47345439348437124,0.27321014596426524
2.2919604622538965,0.4735346343861339,0.2731889074348835,0.47353463618035413,0.27318887392461033,0.47338800571920253,0.27311551481697766,0.47336773721524217,0.27298846954991857,0.47345439348437124,0.27321014596426524
2.304416769113972,0.4735346343861339,0.2731889074348835,0.47353463618035413,0.27318887392461033,0.4733880368364971,0.2731155548160777,0.47336773721524217,0.27298846954991857,0.47345439348437124,0.27321014596426524
2.3168730759740472,0.4735346343861339,0.2731889074348835,0.47353463618035413,0.27318887392461033,0.4733880679537916,0.27311559481534564,0.47336773721524217,0.27298846954991857,0.47345439348437124,0.27321014596426524
2.329329382834123,0.4735346343861339,0.2731889074348835,0.47353463618035413,0.27318887392461033,0.47338809907108614,0.2731156348147815,0.47336773721524217,0.27298846954991857,0.47345439348437124,0.27321014596426524
2.3417856896941984,0.4735346343861339,0.2731889074348835,0.47353463618035413,0.27318887392461033,0.47338811416051646,0.27311565421140926,0.47336773721524217,0.27298846954991857,0.47345439348437124,0.27321014596426524
2.354241996554274,0.4735346343861339,0.2731889074348835,0.47353463618035413,0.27318887392461033,0.4733880698655325,0.27311559727277035,0.47336773721524217,0.27298846954991857,0.47345439348437124,0.27321014596426524
2.3666983034143496,0.4735346343861339,0.2731889074348835,0.47353463618035413,0.27318887392461033,0.4733880255705485,0.2731155403344714,0.47336773721524217,0.27298846954991857,0.47345439348437124,0.27321014596426524
2.379154610274425,0.4735346343861339,0.2731889074348835,0.47353463618035413,0.27318887392461033,0.47338798127556453,0.2731154833965128,0.47336773721524217,0.27298846954991857,0.47345439348437124,0.27321014596426524
2.3916109171345004,0.4735346343861339,0.2731889074348835,0.47353463618035413,0.27318887392461033,0.47338799394798703,0.2731154996859494,0.47336773721524217,0.27298846954991857,0.47345439348437124,0.27321014596426524
2.404067223994576,0.4735346343861339,0.2731889074348835,0.47353463618035413,0.27318887392461033,0.4733880335625878,0.273115550607689,0.47336773721524217,0.27298846954991857,0.47345439348437124,0.27321014596426524
2.4165235308546515,0.4735346343861339,0.2731889074348835,0.47353463618035413,0.27318887392461033,0.47338807317718845,0.27311560152970066,0.47336773721524217,0.27298846954991857,0.47345439348437124,0.27321014596426524
2.428979837714727,0.4735346343861339,0.2731889074348835,0.47353463618035413,0.27318887392461033,0.4733881127917892,0.2731156524519844,0.47336773721524217,0.27298846954991857,0.47345439348437124,0.27321014596426524
2.4414361445748027,0.4735346343861339,0.2731889074348835,0.47353463618035413,0.27318887392461033,0.4733880930161169,0.27311562703146464,0.47336773721524217,0.27298846954991857,0.47345439348437124,0.27321014596426524
2.453892451434878,0.4735346343861339,0.2731889074348835,0.47353463618035413,0.27318887392461033,0.47338805102843573,0.27311557305887535,0.47336773721524217,0.27298846954991857,0.47345439348437124,0.27321014596426524
2.4663487582949535,0.4735346343861339,0.2731889074348835,0.47353463618035413,0.27318887392461033,0.4733880090407545,0.27311551908659176,0.47336773721524217,0.27298846954991857,0.47345439348437124,0.27321014596426524
2.4788050651550293,0.4735346343861339,0.2731889074348835,0.47353463618035413,0.27318887392461033,0.47338796705307323,0.2731154651146137,0.47336773721524217,0.27298846954991857,0.47345439348437124,0.27321014596426524
